{
    "num_cases": 1143,
    "dice": {
        "mean": 0.9144836565062376,
        "min": 0.0,
        "max": 0.9693513898788311
    },
    "iou": {
        "mean": 0.8520953928377748,
        "min": 0.0,
        "max": 0.9405255878284924
    },
    "precision": {
        "mean": 0.907778136852318,
        "min": 0.0,
        "max": 0.9904719368765819
    },
    "recall": {
        "mean": 0.9260915693173046,
        "min": 0.0,
        "max": 0.9970211827007943
    },
    "region_stats": {
        "Cervical": {
            "dice": 0.0,
            "iou": 0.0,
            "num_samples": 2
        }
    },
    "label_dice": {
        "mean": 0.0802257442530211,
        "min": 0.0,
        "max": 0.8455570562553004
    },
    "label_iou": {
        "mean": 0.05428495325264821,
        "min": 0.0,
        "max": 0.7324372857376068
    },
    "label_precision": {
        "mean": 0.1775614147158993,
        "min": 0.0,
        "max": 0.9385794473229706
    },
    "label_recall": {
        "mean": 0.06198670796996826,
        "min": 0.0,
        "max": 0.9804233646347287
    },
    "label_set_match": {
        "mean": 0.02799650043744532,
        "min": 0.0,
        "max": 1.0
    },
    "labels_evaluated": [
        1,
        2,
        3,
        4,
        5,
        6,
        7,
        8,
        9,
        10,
        11,
        12
    ],
    "evaluation_mode": "multiclass",
    "label_map_json": null,
    "missing_predictions": [],
    "missing_references": []
}
