{
    "num_cases": 993,
    "dice": {
        "mean": 0.9612364978894985,
        "min": 0.7846075041618645,
        "max": 0.9793452526736877
    },
    "iou": {
        "mean": 0.9256188458235757,
        "min": 0.6455589505847645,
        "max": 0.9595264757638777
    },
    "precision": {
        "mean": 0.9586272569517761,
        "min": 0.8188986901897888,
        "max": 0.994854338188727
    },
    "recall": {
        "mean": 0.9642973730459771,
        "min": 0.7476521028991425,
        "max": 0.9958113768409674
    },
    "evaluation_mode": "binary",
    "label_map_json": null,
    "missing_predictions": [],
    "missing_references": []
}
